PI719586,AC완속
LU000146,AC완속
HD000055,DC콤보
ME18C189,AC3상
ME18C189,DC콤보
ME18C189,DC차데모
ME18C179,AC3상
ME18C179,DC콤보
ME18C179,DC차데모
EV000449,AC완속
PW010662,AC완속
PI510265,AC완속
EP210119,AC완속
CV004341,DC콤보
ME23B126,AC3상
ME23B126,DC차데모
ME23B126,DC콤보
ME22D181,DC콤보
ME21D012,AC3상
ME21D012,DC차데모
ME21D012,DC콤보
ME184074,AC3상
ME184074,DC차데모
ME184074,DC콤보
ME18C307,AC3상
ME18C307,DC차데모
ME18C307,DC콤보
ME21D011,AC3상
ME21D011,DC차데모
ME21D011,DC콤보
ME18C306,AC3상
ME18C306,DC차데모
ME18C306,DC콤보
ME183023,AC3상
ME183023,DC차데모
ME183023,DC콤보
ME22D216,DC콤보
ME18C184,AC3상
ME18C184,DC차데모
ME18C184,DC콤보
ME18C267,DC콤보
ME18C187,AC3상
ME18C187,DC차데모
ME18C187,DC콤보
EV007619,AC완속
ME18C188,AC3상
ME18C188,DC차데모
ME18C188,DC콤보
ME22D130,DC콤보
ME19F226,DC콤보
CV002600,AC완속
CV002600,DC콤보
ME18C181,AC3상
ME18C181,DC차데모
ME18C181,DC콤보
ME18C182,DC콤보
ME19Z221,DC콤보
ME19D111,DC콤보
ME19C144,DC콤보
EV015986,AC완속
ME183076,AC3상
ME183076,DC차데모
ME183076,DC콤보
ME181250,AC3상
ME181250,DC차데모
ME181250,DC콤보
ME181210,AC3상
ME181210,DC차데모
ME181210,DC콤보
GS000132,DC콤보
ME181206,AC3상
ME181206,DC차데모
ME181206,DC콤보
ME181207,AC3상
ME181207,DC차데모
ME181207,DC콤보
ME20C289,DC콤보
ME19C146,DC콤보
ME19C147,DC콤보
ME181208,AC3상
ME181208,DC차데모
ME181208,DC콤보
ME19D117,DC콤보
ME19C229,DC콤보
ME22D242,DC콤보
ME22D1B8,DC콤보
ME19D221,DC콤보
ME22D1B9,DC콤보
CV000916,AC완속
CV000916,DC콤보_완속
CV000916,DC콤보
ME22A605,DC콤보
ME22D1B2,DC콤보
ME22D1B1,DC콤보
ME22C1A0,DC콤보
ME22D158,DC콤보
CV001692,AC완속
CV001692,DC콤보
ME24B145,DC콤보
ME24B146,DC콤보
ME20C191,DC콤보
EV000394,AC완속
ME20C192,DC콤보
ME20C190,DC콤보
ME19D211,DC콤보
EO000031,DC콤보
CSSGI010,DC콤보
BNBN0462,AC완속
EV014032,DC콤보
ME19C408,DC콤보
ME181225,AC3상
ME181225,DC차데모
ME181225,DC콤보
EC002526,AC완속
ME22D302,DC콤보
CV001561,AC완속
CV001561,DC콤보
ME19D215,DC콤보
EC004428,AC완속
ME22D265,DC콤보
ME19C406,DC콤보
HM000621,AC완속
KP004885,DC콤보
LU000077,AC완속
HW001385,AC완속
KL002254,DC콤보
PI001803,AC완속
PI019294,AC완속
NT300018,AC완속
PI122182,AC완속
MTSKGA01,DC차데모
MTSKGA01,DC콤보
NT101242,AC완속
NT101242,DC콤보
NT300042,AC완속
MO110059,AC완속
LU001038,AC완속
PI001744,AC완속
ME23B127,AC3상
ME23B127,DC차데모
ME23B127,DC콤보
ME21B159,DC콤보
EC000680,AC완속
ME18C268,DC콤보
ME18C185,AC3상
ME18C185,DC차데모
ME18C185,DC콤보
ME18C186,AC3상
ME18C186,DC차데모
ME18C186,DC콤보
ME18C266,DC콤보
ME20C290,DC콤보
ME19D110,DC콤보
ME19C145,DC콤보
EC002030,AC완속
ME19C228,DC콤보
ME22A327,DC콤보
HM000324,AC완속
ME22D187,DC콤보
KP002532,AC3상
KP002532,DC차데모
KP002532,DC콤보
JA260006,DC콤보
JA260013,DC콤보
HM810130,AC완속
HM810094,DC콤보
HE001132,AC완속
HE001132,DC콤보
PIH01584,AC완속
HM800123,AC완속
PL000223,AC완속
LU002002,AC완속
PI763278,AC완속
JA260027,AC완속
JA260027,DC콤보
KP004822,DC콤보
GS000501,DC콤보
CV000821,AC3상
CV000821,DC차데모
CV000821,DC콤보
CV000147,AC3상
CV000147,DC차데모
CV000147,DC콤보
CV001673,AC완속
CV001673,DC콤보
EV004098,AC완속
CV003608,DC콤보
EV007926,AC완속
GS000129,DC콤보
CV002745,AC완속
CV002745,DC콤보
CV001616,DC콤보
CV003477,DC콤보
EV008392,AC완속
EV001762,AC완속
LU002679,AC완속
LU000048,AC완속
HY000354,AC완속
KP001704,AC3상
KP001704,DC차데모
KP001704,AC완속
KP001704,DC콤보
KE001024,AC완속
KE001024,DC콤보
LD260001,DC콤보
LU001034,AC완속
EC000632,AC완속
EC003614,AC완속
CGL00002,AC완속
LU002736,AC완속
PI719175,AC완속
PI121929,AC완속
PI709233,AC완속
PI768045,AC완속
EV000454,AC완속
EV000366,AC완속
ME19F209,DC콤보
HM800011,AC완속
HD000051,DC콤보
CV002722,AC완속
CV003257,NACS
CV003257,DC콤보_완속
CV003257,DC콤보
CV002192,DC콤보
ME21B307,DC콤보
ST263212,DC콤보
LU000916,AC완속
PW800657,AC완속
IN051020,AC완속
HM000352,AC완속
PW010170,AC완속
NT100748,DC콤보
KP001728,DC차데모
KP001728,AC3상
KP001728,AC완속
KP001728,DC콤보
KP004562,DC콤보
CV001074,DC차데모
CV001074,AC3상
CV001074,DC콤보
LU000491,AC완속
CV001664,DC콤보
NT100717,AC완속
PI122257,AC완속
ST264105,DC콤보
KP004912,DC콤보
EO000254,DC콤보
PW010182,AC완속
ST264107,DC콤보
ST264108,DC콤보
ME21D010,DC차데모
ME21D010,AC3상
ME21D010,DC콤보
KE000792,AC완속
PI772047,AC완속
CV004239,DC콤보
PW013171,AC완속
PW100607,AC완속
PW014244,AC완속
PW013682,AC완속
PI772969,AC완속
KP000374,DC차데모
KP000374,AC3상
KP000374,DC콤보
ST600547,DC콤보
PW014281,AC완속
ME22C214,DC콤보
EV005827,AC완속
PW010207,AC완속
CV003599,DC콤보
LU002854,AC완속
EV006562,AC완속
ME22C257,DC콤보
BKBKEV03,DC콤보
PI510288,AC완속
PI510288,DC콤보
JA260009,DC콤보
EC002042,AC완속
CV003478,DC콤보
IN051033,AC완속
HM001308,AC완속
NT300077,AC완속
PIH01369,AC완속
EV016719,AC완속
JA260019,DC콤보
JA260019,AC완속
PI711666,AC완속
PWE06368,AC완속
LU000416,AC완속
SF002901,AC완속
EV010429,AC완속
KE000782,AC완속
PI121955,AC완속
EV007144,AC완속
PW010090,AC완속
KP001725,AC완속
EV007145,AC완속
PIH01432,AC완속
EV011368,AC완속
HW000528,AC완속
PW015158,AC완속
PW014974,AC완속
PW014256,AC완속
PW014980,AC완속
SZMA0004,DC콤보
LU002005,AC완속
EV017419,AC완속
EV017420,AC완속
PW013861,AC완속
EV005171,AC완속
CV003474,DC콤보
EV005172,AC완속
KE000353,AC완속
KP000372,DC콤보
KP000372,DC차데모
KP000372,AC3상
BNOG3203,DC콤보
EV005174,AC완속
PW010695,AC완속
KE000784,AC완속
PI716321,AC완속
PW014336,AC완속
KE000350,AC완속
KE000785,AC완속
PW100547,AC완속
EV007146,AC완속
EV008698,AC완속
PI710110,AC완속
PWE06395,AC완속
LU001671,AC완속
PW014120,AC완속
EV007143,AC완속
EV007147,AC완속
PW100519,AC완속
KE000783,AC완속
EV010428,AC완속
PIH01256,AC완속
KE001010,DC콤보
LU002671,AC완속
EV005173,AC완속
DO000039,DC콤보
DO000039,DC차데모
DO000039,AC3상
PW013173,AC완속
PWE06369,AC완속
EV004156,AC완속
EV007148,AC완속
EV001505,AC완속
JA260031,DC콤보
PI700350,DC콤보
PI700350,AC완속
PI700350,DC차데모
PW800666,AC완속
PI801976,AC완속
KP001724,AC완속
EV017731,AC완속
HW001088,AC완속
PW100606,AC완속
LU000208,AC완속
LU003405,AC완속
IN051035,AC완속
EV007623,AC완속
CV001665,DC콤보
EV004428,AC완속
EV017722,AC완속
KP000373,DC콤보
KP000373,DC차데모
KP000373,AC3상
EV002924,AC완속
EV017726,AC완속
EV017730,AC완속
KE000793,AC완속
EREL0040,AC완속
EV017720,AC완속
HW000603,AC완속
KE000794,AC완속
PW012136,AC완속
EV007216,AC완속
PIH01918,AC완속
EV000220,AC완속
EREL0043,AC완속
CV003656,DC콤보
LU100291,AC완속
ST264103,AC완속
EV004163,AC완속
EV017718,AC완속
HM000396,AC완속
CV001718,DC콤보
EV017721,AC완속
EV005830,AC완속
EV005829,AC완속
LU000485,AC완속
KE000795,AC완속
EV007618,AC완속
EV004165,AC완속
EV002925,AC완속
KP001723,AC완속
EV008484,AC완속
KE000973,AC완속
EV017728,AC완속
PIH00593,AC완속
CV000666,DC콤보
CV000666,DC차데모
CV000666,AC3상
HM001096,AC완속
PI717223,AC완속
EV005828,AC완속
PI510243,AC완속
PW012022,AC완속
LU004107,AC완속
EV017719,AC완속
EV007620,AC완속
EV012574,AC완속
PW800217,AC완속
ST264102,AC완속
HY001254,AC완속
PW012759,AC완속
EV000219,AC완속
PL006364,AC완속
EV007621,AC완속
CV003677,DC콤보
PI001692,AC완속
EV017725,AC완속
EV007622,AC완속
PW013311,AC완속
JA260033,DC콤보
KP005375,DC콤보
PIH01459,AC완속
PI717134,AC완속
LU001253,AC완속
PW013441,AC완속
PW013242,AC완속
PIH01325,AC완속
HE192526,AC완속
JA260016,DC콤보
PW800111,AC완속
LU000619,AC완속
ST264106,DC콤보
LU000620,AC완속
JA260017,DC콤보
JA260017,AC완속
EV008601,AC완속
PW014415,AC완속
PIH00088,AC완속
CV003744,DC콤보
CV003321,DC콤보
PW014307,AC완속
CV003600,DC콤보
PW013188,AC완속
PI510344,AC완속
PI510227,AC완속
PI760774,AC완속
PW013189,AC완속
CV004240,DC콤보
CV003367,DC콤보
ST262607,DC콤보
PI121658,AC완속
PI203012,AC완속
CV000036,DC콤보
CV000036,DC차데모
CV000036,AC3상
DL000080,AC완속
PW014173,AC완속
PI719365,AC완속
EC000531,AC완속
PL000295,AC완속
HY001366,DC콤보
EV007196,AC완속
CV003581,DC콤보
EV012427,AC완속
CV003806,AC완속
CV002407,AC완속
CV002407,DC콤보
EV000389,AC완속
CV003609,DC콤보
PIH00301,AC완속
EC005018,AC완속
CV003431,DC콤보
CV002801,AC완속
CV002801,DC콤보
CV002408,AC완속
CV002408,DC콤보
CV003784,DC콤보
KP005611,AC완속
HM001322,AC완속
PIH00859,AC완속
SF003231,AC완속
EV006568,AC완속
PIH00952,AC완속
PW800196,AC완속
EV016680,AC완속
DO000038,DC콤보
DO000038,AC3상
DO000038,DC차데모
LU000371,AC완속
PK000145,DC콤보
CV003794,DC콤보
KP003113,DC차데모
KP003113,AC3상
KP003113,DC콤보
HM810131,AC완속
EP200258,AC완속
EV010277,AC완속
HY001253,AC완속
CV001074,AC완속
EV002360,AC완속
EV017723,AC완속
LU002505,AC완속
LU002405,AC완속
JA260033,AC완속
PI510310,AC완속
LU003773,AC완속
CV003782,DC콤보
CV003782,AC완속
CV003675,DC콤보
CV003675,AC완속
HM001688,AC완속
EV002376,AC완속
KP001982,AC완속
HM001582,AC완속
EV014893,AC완속
HM800134,DC콤보
HM800134,AC완속
CV004087,AC완속
CSCS2015,AC완속
PW014001,AC완속
KP005614,AC완속
EV017729,AC완속
PI712861,AC완속
EC004763,AC완속
PW013002,AC완속
LU003451,AC완속
EC000206,AC완속
EC005014,AC완속
KP005612,AC완속
PI800968,AC완속
KP004825,DC콤보
